"Time","Distance","Lap","Throttle","Brake","Fuel Remaining","Steering Wheel Angle","Tyre Pres FL","Tyre Pres FR","Tyre Pres RL","Tyre Pres RR"
"0.000","0","0","0.000000","100.000000","50.5747136","-0.04899523","172.369008","172.369008","165.474016","165.474016"
"1.000","0","0","0.000000","100.000000","50.5747136","-0.04899523","172.366768","172.367008","165.472768","165.472736"
"2.000","0","0","0.000000","100.000000","50.5734368","-0.05314864","172.366016","172.366256","165.472480","165.472480"
"3.000","0","0","0.000000","100.000000","50.5727104","-0.05204070","172.364944","172.365360","165.472352","165.472352"
"4.000","0","0","0.000000","100.000000","50.5721312","-0.01799239","172.360528","172.360800","165.469664","165.469728"
"5.000","0","0","13.514180","69.557968","50.5712096","-0.00332165","172.355440","172.355792","165.466592","165.466592"
"6.000","0","0","7.422935","78.880216","50.5703424","-0.00415233","172.350624","172.351040","165.463504","165.463536"
"7.000","0","0","3.082614","100.000000","50.5697568","0.00055343","172.345952","172.346320","165.460448","165.460448"
"8.000","0","0","0.887792","83.795728","50.5684544","0.00692056","172.341264","172.341696","165.457408","165.457408"
"9.000","0","0","22.515414","82.485408","50.5661760","0.00304547","172.336672","172.337104","165.454320","165.454448"
"10.000","0","0","11.368678","80.531392","50.5610464","0.00166136","172.332048","172.332512","165.451264","165.451440"
"11.000","0","0","0.000000","100.000000","50.5603584","0.00138411","172.327408","172.328000","165.448128","165.448448"
"12.000","0","0","0.000000","100.000000","50.5597888","0.06256018","172.322448","172.323232","165.445072","165.445456"
"13.000","0","0","0.000000","100.000000","50.5592128","-0.01605485","172.317296","172.317984","165.442032","165.442384"
"14.000","0","0","0.493218","100.000000","50.5586272","-0.02491295","172.313040","172.313600","165.439040","165.439440"
"15.000","0","0","0.493218","100.000000","50.5580384","-0.03736997","172.308496","172.309040","165.436032","165.436480"
"16.000","0","0","0.567201","100.000000","50.5574528","-0.03736997","172.304656","172.304944","165.433072","165.433440"
"17.000","0","0","48.360044","0.000000","50.5559040","-0.03266420","172.298544","172.298832","165.426544","165.426912"
"18.000","3","0","52.305788","0.000000","50.5487904","-0.05287138","172.196704","172.197328","165.360112","165.360592"
"19.000","9","0","68.409360","0.000000","50.5394432","-0.00636606","172.027696","172.028496","165.248656","165.249040"
"20.000","21","0","100.000000","0.000000","50.5179744","-0.01993100","171.821232","171.821856","165.111488","165.111728"
"21.000","38","0","91.861904","0.000000","50.4933664","0.00719781","171.612560","171.613040","164.975136","164.974416"
"22.000","57","0","0.000000","68.783512","50.4781120","0.01882414","171.459136","171.459472","164.873408","164.871536"
"23.000","73","0","100.000000","0.000000","50.4670784","0.04595082","171.373040","171.373504","164.816448","164.813600"
"24.000","93","0","100.000000","0.000000","50.4413952","0.01771728","171.302448","171.303104","164.769696","164.765648"
"25.000","113","0","64.143028","0.000000","50.4321504","0.51848668","171.254528","171.255424","164.739824","164.734192"
"26.000","133","0","88.532672","0.000000","50.4076000","0.10463646","171.223504","171.224768","164.721312","164.713200"
"27.000","156","0","0.000000","13.975933","50.3977120","-0.32248434","171.199664","171.203040","164.709376","164.699104"
"28.000","179","0","38.347720","0.000000","50.3893952","1.12475608","171.187008","171.195136","164.701440","164.691376"
"29.000","201","0","16.276207","40.200172","50.3854560","0.33412022","171.177568","171.200640","164.693568","164.692944"
"30.000","221","0","15.339088","17.693318","50.3680416","-0.43901852","171.173040","171.208992","164.687280","164.697136"
"31.000","240","0","79.728736","0.000000","50.3591296","-1.12602184","171.173168","171.214576","164.684384","164.698576"
"32.000","262","0","100.000000","0.000000","50.3342944","-0.59042944","171.175728","171.215008","164.685280","164.698496"
"33.000","287","0","0.000000","100.000000","50.3162816","-0.05093277","171.177984","171.212416","164.690512","164.699760"
"34.000","305","0","80.493216","0.000000","50.3019456","-0.73214976","171.184928","171.218000","164.697136","164.703920"
"35.000","325","0","50.998772","0.000000","50.2936544","-1.32835080","171.191456","171.219168","164.702480","164.704976"
"36.000","348","0","100.000000","0.000000","50.2653120","0.05314970","171.198848","171.215632","164.710608","164.704384"
"37.000","375","0","100.000000","0.000000","50.2335328","0.56693160","171.197920","171.210976","164.719216","164.709200"
"38.000","407","0","100.000000","0.000000","50.2034272","-0.06643421","171.190976","171.216944","164.727008","164.727808"
"39.000","442","0","37.090008","0.000000","50.1827776","-0.33410960","171.183344","171.230576","164.734944","164.752416"
"40.000","478","0","49.099880","0.000000","50.1634688","0.48582080","171.181232","171.247520","164.744128","164.774944"
"41.000","511","0","25.326752","83.069216","50.1564320","0.10657507","171.187232","171.270784","164.753808","164.797696"
"42.000","540","0","100.000000","0.000000","50.1310048","0.14006993","171.202752","171.295504","164.767472","164.816704"
"43.000","572","0","100.000000","0.000000","50.1001984","0.16692097","171.208160","171.309040","164.781952","164.829728"
"44.000","602","0","62.318124","0.000000","50.0912896","-0.26933676","171.219456","171.325968","164.798288","164.841088"
"45.000","631","0","64.636252","0.000000","50.0647648","0.35128412","171.234752","171.341168","164.817008","164.850224"
"46.000","660","0","18.347720","0.000000","50.0614784","0.48748160","171.245040","171.349632","164.834192","164.853440"
"47.000","690","0","6.214549","0.000000","50.0568992","-0.58018716","171.251504","171.357600","164.843696","164.854544"
"48.000","718","0","28.113446","0.000000","50.0513376","0.76901912","171.262880","171.361904","164.853936","164.851664"
"49.000","747","0","22.120836","0.000000","50.0485312","0.23003568","171.273968","171.365184","164.861728","164.847728"
"50.000","775","0","0.000000","0.000000","50.0374176","-0.31002724","171.284320","171.365184","164.869168","164.840976"
"51.000","801","0","52.749700","0.000000","50.0306976","0.25937880","171.295664","171.366848","164.875664","164.834624"
"52.000","828","0","42.120844","0.000000","50.0170464","0.20539890","171.301040","171.365536","164.880000","164.826816"
"53.000","853","0","78.791616","0.000000","50.0131072","0.29121280","171.306016","171.365808","164.882320","164.819328"
"54.000","878","0","100.000000","0.000000","49.9903104","0.19709422","171.309072","171.365504","164.885760","164.811296"
"55.000","907","0","1.578297","40.986536","49.9671456","0.20955070","171.307072","171.360224","164.892288","164.802480"
"56.000","933","0","100.000000","0.000000","49.9528960","0.14560533","171.309264","171.360448","164.899440","164.796624"
"57.000","962","0","0.000000","97.176216","49.9317312","0.20816710","171.308848","171.357008","164.908848","164.790416"
"58.000","985","0","100.000000","0.000000","49.9232224","0.35155968","171.319376","171.367328","164.920672","164.789504"
"59.000","1009","0","100.000000","0.000000","49.9000992","0.39225404","171.325600","171.374512","164.933344","164.786512"
"60.000","1037","0","99.482120","0.000000","49.8732000","0.51239568","171.327376","171.376224","164.948416","164.781664"
"61.000","1066","0","19.112206","47.634924","49.8622560","0.31861824","171.331632","171.380720","164.965312","164.779424"
"62.000","1092","0","100.000000","0.000000","49.8384832","0.21038138","171.340416","171.391840","164.981856","164.778912"
"63.000","1121","0","0.000000","88.752544","49.8161760","0.16858126","171.343136","171.397232","164.998528","164.777072"
"64.000","1145","0","100.000000","0.000000","49.8031296","0.29065884","171.353936","171.411488","165.014160","164.778448"
"65.000","1172","0","42.318124","32.372222","49.7813152","-0.37120224","171.359424","171.421008","165.029728","164.777488"
"66.000","1198","0","40.493208","0.000000","49.7730816","0.64084528","171.368480","171.429504","165.045008","164.774416"
"67.000","1225","0","53.193568","0.000000","49.7631392","0.26103956","171.376720","171.435664","165.056880","164.770064"
"68.000","1252","0","0.000000","0.000000","49.7535104","-0.34352104","171.383824","171.439552","165.067728","164.764656"
"69.000","1280","0","4.586929","0.000000","49.7522816","0.70866840","171.392976","171.442192","165.075728","164.758816"
"70.000","1306","0","31.368674","0.000000","49.7489152","0.04013927","171.402640","171.444880","165.080592","164.753920"
"71.000","1332","0","7.176326","0.000000","49.7423424","0.13481021","171.411072","171.443536","165.084256","164.746544"
"72.000","1359","0","14.722565","0.000000","49.7366912","0.09550163","171.415664","171.440384","165.082528","164.738688"
"73.000","1385","0","30.357582","0.000000","49.7292512","-0.48026252","171.418192","171.435664","165.077376","164.729984"
"74.000","1412","0","30.110974","0.000000","49.7207008","0.59710540","171.424288","171.429696","165.072816","164.721632"
"75.000","1439","0","0.000000","0.000000","49.7172288","0.27155900","171.429472","171.425168","165.066096","164.715040"
"76.000","1466","0","0.000000","0.000000","49.7163424","-0.75456944","171.434976","171.422464","165.058816","164.709232"
"77.000","1491","0","42.638712","0.000000","49.7086976","-0.01356387","171.441168","171.419392","165.051696","164.703040"
"78.000","1518","0","14.525275","0.000000","49.6991360","0.04927356","171.442656","171.416080","165.042912","164.696144"
"79.000","1544","0","35.018492","0.000000","49.6884768","0.02934254","171.441312","171.412112","165.033184","164.687968"
"80.000","1571","0","34.081380","0.000000","49.6757760","-0.01910032","171.437968","171.407344","165.023280","164.678944"
"81.000","1599","0","22.811348","0.000000","49.6656800","-0.00415233","171.433952","171.402256","165.013920","164.669632"
"82.000","1627","0","35.659676","0.000000","49.6551392","0.01162633","171.430288","171.397600","165.004160","164.659632"
"83.000","1656","0","14.401978","0.000000","49.6443552","0.00359890","171.426400","171.392848","164.995008","164.649712"
"84.000","1684","0","7.028361","0.000000","49.6406304","-0.00332165","171.423360","171.389072","164.985568","164.640016"
"85.000","1711","0","38.101112","0.000000","49.6311808","-0.00664331","171.420352","171.385520","164.975840","164.629856"
"86.000","1739","0","8.434032","0.000000","49.6221632","-0.00082961","171.416448","171.380864","164.965696","164.619408"
"87.000","1766","0","31.368680","0.000000","49.6142720","0.01328662","171.412912","171.376544","164.955536","164.609008"
"88.000","1793","0","19.186190","0.000000","49.6037856","0.00996604","171.408208","171.371440","164.945104","164.598128"
"89.000","1820","0","75.832312","0.000000","49.5938080","0.02436059","171.403696","171.366352","164.935136","164.587360"
"90.000","1849","0","100.000000","0.000000","49.5710112","0.05979194","171.397744","171.360672","164.926544","164.577232"
"91.000","1880","0","100.000000","0.000000","49.5372320","0.08304460","171.390448","171.355728","164.922256","164.569376"
"92.000","1914","0","100.000000","0.000000","49.5050112","0.13508640","171.382000","171.351536","164.924704","164.563776"
"93.000","1952","0","100.000000","0.000000","49.4702560","0.12152306","171.373728","171.348608","164.934976","164.562784"
"94.000","1993","0","100.000000","0.000000","49.4365248","0.11072687","171.368816","171.348256","164.952288","164.568096"
"95.000","2037","0","100.000000","0.000000","49.4039456","0.11100359","171.368848","171.351968","164.972944","164.579664"
"96.000","2084","1","100.000000","0.000000","49.3698592","0.10546713","171.372784","171.360176","164.995824","164.598064"
"97.000","2133","1","100.000000","0.000000","49.3347168","0.10352959","171.379856","171.373568","165.021200","164.624576"
"98.000","2184","1","100.000000","0.000000","49.2998848","0.09910107","171.389984","171.391536","165.049280","164.658944"
"99.000","2238","1","100.000000","0.000000","49.2672256","0.05647030","171.404064","171.412800","165.077440","164.699536"
"100.000","2293","1","100.000000","0.000000","49.2336896","0.08276844","171.421296","171.433696","165.102928","164.746912"
"101.000","2348","1","0.567201","62.909568","49.2110656","0.08249116","171.443840","171.462128","165.125728","164.801632"
"102.000","2398","1","15.659679","37.459788","49.2055808","0.19238842","171.488416","171.517856","165.141504","164.850880"
"103.000","2439","1","5.524044","91.886104","49.2009664","0.31834212","171.538944","171.587184","165.153824","164.894576"
"104.000","2471","1","17.607890","7.315621","49.1942496","0.27930978","171.592160","171.667008","165.162512","164.940624"
"105.000","2501","1","0.000000","54.879044","49.1889184","0.89857808","171.628512","171.723808","165.164384","164.974528"
"106.000","2527","1","25.400746","0.000000","49.1816256","1.10897640","171.653792","171.782448","165.161792","165.010048"
"107.000","2552","1","56.769436","0.000000","49.1757280","1.18732264","171.669600","171.848848","165.155008","165.052912"
"108.000","2578","1","100.000000","0.000000","49.1482656","0.60402600","171.678192","171.916112","165.147120","165.100096"
"109.000","2608","1","100.000000","0.000000","49.1159424","0.61842208","171.681296","171.974192","165.143184","165.154384"
"110.000","2643","1","100.000000","0.000000","49.0835712","0.23501818","171.681072","172.023552","165.142016","165.210544"
"111.000","2680","1","56.202232","0.000000","49.0564800","-0.62087684","171.683616","172.058128","165.147088","165.258224"
"112.000","2720","1","100.000000","0.000000","49.0269504","0.07695475","171.715408","172.073824","165.180128","165.286640"
"113.000","2762","1","75.709000","0.000000","49.0101056","0.30505446","171.738032","172.094672","165.211072","165.313744"
"114.000","2804","1","100.000000","0.000000","48.9813472","0.22699020","171.751008","172.144416","165.230016","165.369392"
"115.000","2850","1","100.000000","0.000000","48.9480352","-0.08913343","171.755360","172.197632","165.245888","165.438688"
"116.000","2896","1","0.443896","53.115688","48.9287680","0.12595157","171.774560","172.232720","165.273280","165.484448"
"117.000","2935","1","4.389642","81.699048","48.9255968","-0.07252515","171.814448","172.275568","165.301968","165.511504"
"118.000","2964","1","6.485822","58.596456","48.9210592","-0.46310080","171.853552","172.318944","165.321232","165.529328"
"119.000","2988","1","0.000000","60.359828","48.9158976","-0.93144032","171.887696","172.350720","165.337568","165.537744"
"120.000","3009","1","54.821204","0.000000","48.9081696","-1.50853248","171.921440","172.373952","165.354688","165.540192"
"121.000","3030","1","48.606664","0.000000","48.8979232","-1.74240624","171.959296","172.390448","165.374448","165.538848"
"122.000","3052","1","81.627616","0.000000","48.8835488","-1.24725352","172.007728","172.399824","165.401232","165.535040"
"123.000","3076","1","88.286064","0.000000","48.8575808","-0.58517028","172.060848","172.404688","165.437968","165.531216"
"124.000","3105","1","100.000000","0.000000","48.8245056","-0.29203498","172.108448","172.406624","165.481360","165.529984"
"125.000","3138","1","100.000000","0.000000","48.7931008","-0.47943172","172.146640","172.407664","165.528560","165.530912"
"126.000","3174","1","100.000000","0.000000","48.7591232","-0.07252513","172.180672","172.408240","165.576064","165.537360"
"127.000","3214","1","100.000000","0.000000","48.7235808","0.04484395","172.199152","172.410752","165.609536","165.551168"
"128.000","3256","1","100.000000","0.000000","48.6909376","-0.06643419","172.211568","172.417728","165.639360","165.569040"
"129.000","3302","1","100.000000","0.000000","48.6573728","0.01882414","172.224224","172.426944","165.668112","165.589104"
"130.000","3350","1","100.000000","0.000000","48.6225152","0.01273426","172.236640","172.438944","165.695664","165.613600"
"131.000","3401","1","100.000000","0.000000","48.5869760","0.13121131","172.248800","172.452256","165.724448","165.640416"
"132.000","3453","1","100.000000","0.000000","48.5516736","0.29619586","172.260720","172.474192","165.752816","165.679568"
"133.000","3507","1","0.000000","0.000000","48.5393728","0.43377752","172.271344","172.531392","165.774176","165.744352"
"134.000","3560","1","100.000000","0.000000","48.5183232","0.84320976","172.284704","172.656288","165.783664","165.863184"
"135.000","3613","1","100.000000","0.000000","48.4853824","0.32166332","172.288880","172.820320","165.797408","166.029248"
"136.000","3667","1","0.000000","100.000000","48.4606592","-0.19515240","172.296096","172.967856","165.817600","166.190832"
"137.000","3712","1","0.000000","98.546424","48.4575808","0.14560531","172.369408","173.086048","165.861072","166.283920"
"138.000","3745","1","0.000000","99.999984","48.4559808","-0.39777444","172.451632","173.183344","165.905296","166.341088"
"139.000","3772","1","15.536372","1.251042","48.4509728","-0.56662440","172.515648","173.252816","165.937968","166.373536"
"140.000","3796","1","55.906296","0.000000","48.4447392","-1.21099448","172.568224","173.300320","165.964208","166.390640"
"141.000","3819","1","8.729961","0.000000","48.4316416","-1.70587344","172.623888","173.336048","165.996880","166.400224"
"142.000","3843","1","85.450048","0.000000","48.4178080","-1.34938688","172.689104","173.360976","166.036672","166.404064"
"143.000","3869","1","90.234288","0.000000","48.3888992","-0.93725184","172.765008","173.377504","166.092576","166.407280"
"144.000","3899","1","100.000000","0.000000","48.3569856","-0.59153520","172.851200","173.387520","166.174848","166.413792"
"145.000","3932","1","100.000000","0.000000","48.3370592","-0.37646144","172.935600","173.395776","166.265168","166.420112"
"146.000","3968","1","100.000000","0.000000","48.3037824","-0.08719590","173.006464","173.402976","166.352272","166.426880"
"147.000","4007","1","100.000000","0.000000","48.2684544","0.19598732","173.053040","173.411008","166.419760","166.439248"
"148.000","4049","1","100.000000","0.000000","48.2366560","0.04788944","173.083504","173.422160","166.468000","166.460448"
"149.000","4093","1","31.763256","0.000000","48.2127968","-0.12290448","173.104784","173.437728","166.502800","166.484384"
"150.000","4137","1","8.853268","93.649480","48.1923232","-0.01079564","173.127440","173.459600","166.528480","166.505760"
"151.000","4170","1","4.907521","100.000000","48.1893728","0.44042176","173.177632","173.508480","166.553728","166.528352"
"152.000","4196","1","0.000000","76.218288","48.1782720","1.40326464","173.229888","173.565984","166.574480","166.551456"
"153.000","4219","1","95.881640","0.000000","48.1681408","1.86173792","173.268928","173.630416","166.584848","166.580768"
"154.000","4244","1","86.461176","0.000000","48.1436416","1.30996552","173.298656","173.711312","166.592320","166.628448"
"155.000","4272","1","100.000000","0.000000","48.1105344","0.30366984","173.320512","173.804944","166.601760","166.708288"
"156.000","4303","1","100.000000","0.000000","48.0803424","0.68569120","173.337808","173.893152","166.614944","166.806048"
"157.000","4338","1","100.000000","0.000000","48.0470848","0.26906746","173.350032","173.979232","166.630976","166.910624"
"158.000","4377","1","100.000000","0.000000","48.0127424","0.36927764","173.359072","174.064016","166.650880","167.021552"
"159.000","4418","1","100.000000","0.000000","47.9818016","0.23529486","173.367472","174.143952","166.675264","167.120320"
"160.000","4462","1","100.000000","0.000000","47.9493568","0.19875450","173.377408","174.205472","166.703984","167.191536"
"161.000","4508","1","100.000000","0.000000","47.9154400","0.16442947","173.389728","174.253328","166.737136","167.244096"
"162.000","4557","1","100.000000","0.000000","47.8804128","0.23086634","173.407760","174.294720","166.777168","167.288288"
"163.000","4608","1","100.000000","0.000000","47.8450464","0.18269966","173.431664","174.341040","166.821008","167.339600"
"164.000","4661","1","100.000000","0.000000","47.8125472","0.18297690","173.462240","174.391072","166.867264","167.398256"
"165.000","4716","1","100.000000","0.000000","47.7791968","0.22007016","173.498176","174.448160","166.917248","167.465136"
"166.000","4772","1","100.000000","0.000000","47.7450304","0.17827112","173.536288","174.514992","166.970352","167.543824"
"167.000","4831","1","100.000000","0.000000","47.7102304","0.18159172","173.578560","174.589360","167.029072","167.631664"
"168.000","4890","1","100.000000","0.000000","47.6750272","0.14062285","173.623696","174.673264","167.092400","167.731408"
"169.000","4951","1","100.000000","0.000000","47.6395392","0.22643728","173.674480","174.762096","167.163664","167.837808"
"170.000","5013","1","100.000000","0.000000","47.6052896","0.16442947","173.725184","174.869664","167.237984","167.964160"
"171.000","5076","1","100.000000","0.000000","47.5736160","0.17882350","173.780464","174.983136","167.316128","168.096416"
"172.000","5140","1","100.000000","0.000000","47.5416288","0.20567560","173.838496","175.098096","167.395296","168.231328"
"173.000","5205","1","100.000000","0.000000","47.5093600","0.18325362","173.893808","175.213040","167.466240","168.376032"
"174.000","5270","1","100.000000","0.000000","47.4767616","0.05481001","173.943456","175.307248","167.518944","168.517584"
"175.000","5336","1","100.000000","0.000000","47.4438240","0.05536343","173.991008","175.360192","167.565104","168.618880"
"176.000","5403","1","100.000000","0.000000","47.4105920","-0.01190251","174.027936","175.404096","167.609568","168.697984"
"177.000","5470","1","100.000000","0.000000","47.3770976","0.03017322","174.060048","175.438592","167.656752","168.758048"
"178.000","5538","1","100.000000","0.000000","47.3433504","-0.02269923","174.091264","175.469424","167.707264","168.809760"
"179.000","5607","1","100.000000","0.000000","47.3093536","-0.01134908","174.124224","175.498000","167.760912","168.857856"
"180.000","5676","1","100.000000","0.000000","47.2751360","0.01577867","174.157232","175.526880","167.815600","168.906128"
"181.000","5744","1","31.072744","98.737048","47.2457568","0.00553645","174.197600","175.561008","167.871360","168.951664"
"182.000","5799","1","75.000000","84.248768","47.2366112","0.00941261","174.311152","175.672768","167.924704","169.002848"
"183.000","5842","1","53.514184","12.998931","47.2268992","0.41993628","174.434544","175.802288","167.969760","169.052352"
"184.000","5881","1","58.298388","15.346122","47.2108576","0.68347696","174.521376","175.917248","167.993376","169.104512"
"185.000","5918","1","21.824906","64.279768","47.1889376","-0.37784456","174.586352","176.018000","168.003808","169.158592"
"186.000","5955","1","47.546236","0.000000","47.1676800","-0.76813216","174.647600","176.081664","168.023136","169.189344"
"187.000","5992","1","99.235504","0.000000","47.1436448","-0.95469096","174.732352","176.115632","168.072720","169.200048"
"188.000","6032","1","100.000000","0.000000","47.1120704","-0.37092500","174.853696","176.131760","168.175632","169.203264"
"189.000","6074","1","100.000000","0.000000","47.0804672","0.32803094","174.965440","176.142848","168.291536","169.207824"
"190.000","6119","1","100.000000","0.000000","47.0474080","0.21010468","175.031696","176.181504","168.367328","169.244752"
"191.000","6166","1","100.000000","0.000000","47.0130080","0.11321784","175.070656","176.232352","168.417984","169.303344"
"192.000","6215","1","100.000000","0.000000","46.9777024","0.12401403","175.099008","176.269344","168.455920","169.352976"
"193.000","6267","1","100.000000","0.000000","46.9445728","0.12429129","175.121008","176.304624","168.490240","169.397920"
"194.000","6320","1","100.000000","0.000000","46.9118432","0.14781958","175.138384","176.339536","168.527312","169.431232"
"195.000","6375","1","100.000000","0.000000","46.8783008","0.16498345","175.159008","176.382064","168.571952","169.466912"
"196.000","6432","1","100.000000","0.000000","46.8440128","0.19958518","175.185600","176.438144","168.621296","169.519280"
"197.000","6490","1","100.000000","0.000000","46.8091520","0.21093536","175.219824","176.506048","168.676288","169.590848"
"198.000","6550","1","100.000000","0.000000","46.7739040","0.18076212","175.260096","176.586048","168.736336","169.681200"
"199.000","6611","1","100.000000","0.000000","46.7383840","0.17577962","175.305568","176.673744","168.802560","169.783952"
"200.000","6673","1","100.000000","0.000000","46.7052736","0.19155722","175.355008","176.771312","168.874096","169.898576"
"201.000","6736","1","100.000000","0.000000","46.6735968","0.16359879","175.407200","176.880352","168.948128","170.023664"
"202.000","6800","1","100.000000","0.000000","46.6416096","0.17660924","175.462848","176.993072","169.025872","170.152880"
"203.000","6865","1","100.000000","0.000000","46.6093408","0.17882348","175.519632","177.114448","169.106000","170.290416"
"204.000","6930","1","100.000000","0.000000","46.5768064","0.16941196","175.576832","177.244688","169.188576","170.438096"
"205.000","6996","1","100.000000","0.000000","46.5439808","0.21038138","175.636416","177.374384","169.272560","170.589360"
"206.000","7063","1","100.000000","0.000000","46.5108672","0.14726724","175.691872","177.503008","169.345728","170.751152"
"207.000","7130","1","100.000000","0.000000","46.4774464","0.06588290","175.738784","177.605520","169.398048","170.904448"
"208.000","7198","1","100.000000","0.000000","46.4437152","0.02519127","175.778816","177.669104","169.437008","171.021632"
"209.000","7266","1","100.000000","0.000000","46.4097088","-0.07307856","175.811536","177.709888","169.478848","171.099888"
"210.000","7335","1","100.000000","0.000000","46.3754784","-0.00608988","175.844480","177.736752","169.530416","171.152752"
"211.000","7405","1","100.000000","0.000000","46.3410592","0.00913535","175.876384","177.759696","169.585792","171.195424"
"212.000","7475","1","100.000000","0.000000","46.3064960","0.01937757","175.904912","177.783920","169.637344","171.239264"
"213.000","7546","1","100.000000","0.000000","46.2717920","0.16747494","175.935232","177.814352","169.691632","171.286544"
"214.000","7617","1","100.000000","0.000000","46.2370048","0.12955047","175.955328","177.879664","169.745728","171.360048"
"215.000","7688","1","100.000000","0.000000","46.2021280","0.09605560","175.973008","177.954096","169.798064","171.444912"
"216.000","7759","1","100.000000","0.000000","46.1671680","0.08913557","176.003808","178.030352","169.855792","171.540384"
"217.000","7831","2","100.000000","0.000000","46.1321568","0.14781959","176.041008","178.111824","169.916624","171.645664"
"218.000","7904","2","100.000000","0.000000","46.0970944","0.14062284","176.073616","178.203200","169.972192","171.766192"
"219.000","7976","2","48.976564","49.982132","46.0629184","0.15418728","176.100544","178.288128","170.012288","171.893728"
"220.000","8041","2","24.340322","22.387704","46.0537984","0.10463645","176.178576","178.416704","170.042160","172.006608"
"221.000","8097","2","11.812578","100.000000","46.0448192","0.15640149","176.265376","178.548784","170.063264","172.091600"
"222.000","8139","2","13.588161","40.593344","46.0390016","0.43682240","176.362768","178.680336","170.082224","172.149040"
"223.000","8174","2","22.441430","14.559752","46.0322272","0.52845204","176.434240","178.795968","170.088128","172.196112"
"224.000","8205","2","10.554873","93.649480","46.0250688","1.31218032","176.482016","178.880784","170.083216","172.230432"
"225.000","8230","2","33.514172","0.000000","46.0150336","1.95338064","176.514816","178.967568","170.074816","172.261040"
"226.000","8256","2","100.000000","0.000000","45.9889248","0.71448192","176.534944","179.064400","170.061920","172.298784"
"227.000","8286","2","100.000000","0.000000","45.9570976","0.66382236","176.546000","179.160832","170.051168","172.352272"
"228.000","8320","2","100.000000","0.000000","45.9248000","0.23418854","176.552208","179.244944","170.042032","172.411568"
"229.000","8358","2","100.000000","0.000000","45.8901344","-0.10740308","176.554672","179.309504","170.036720","172.468800"
"230.000","8399","2","100.000000","0.000000","45.8566656","-0.34905644","176.564720","179.347920","170.047792","172.505568"
"231.000","8442","2","100.000000","0.000000","45.8242144","0.48637484","176.585632","179.373104","170.077968","172.529472"
"232.000","8488","2","100.000000","0.000000","45.7903648","0.34989952","176.592128","179.427376","170.096912","172.587328"
"233.000","8537","2","100.000000","0.000000","45.7553856","-0.20926858","176.592576","179.490448","170.110912","172.664320"
"234.000","8587","2","67.028352","47.444300","45.7202176","-0.01190251","176.607792","179.524800","170.141760","172.714448"
"235.000","8630","2","8.803945","52.722504","45.7155904","-0.02989597","176.662480","179.575168","170.179984","172.744656"
"236.000","8661","2","13.588163","18.670320","45.7106592","-0.37230804","176.728672","179.636512","170.209200","172.763888"
"237.000","8684","2","48.236740","0.000000","45.7032672","-1.09585240","176.782912","179.681200","170.229040","172.770912"
"238.000","8705","2","64.759568","0.000000","45.6941600","-1.94306176","176.834912","179.712544","170.248768","172.769232"
"239.000","8726","2","45.450064","0.000000","45.6847104","-2.32914208","176.895440","179.734064","170.274864","172.761136"
"240.000","8749","2","100.000000","0.000000","45.6590816","-0.65796720","176.967824","179.748224","170.311200","172.749696"
"241.000","8776","2","100.000000","0.000000","45.6247744","-0.55776620","177.038944","179.757696","170.363664","172.740064"
"242.000","8808","2","100.000000","0.000000","45.5945344","-0.47472600","177.102384","179.764912","170.423728","172.733232"
"243.000","8843","2","100.000000","0.000000","45.5614048","-0.22809274","177.159232","179.770208","170.489792","172.729232"
"244.000","8882","2","100.000000","0.000000","45.5261760","-0.01300937","177.201328","179.776112","170.548752","172.730160"
"245.000","8924","2","100.000000","0.000000","45.4937504","0.05093492","177.229984","179.784944","170.595232","172.736992"
"246.000","8968","2","100.000000","0.000000","45.4606784","-0.02546639","177.249360","179.797920","170.627008","172.751728"
"247.000","9015","2","100.000000","0.000000","45.4261632","0.06366811","177.265200","179.811296","170.654480","172.768752"
"248.000","9065","2","100.000000","0.000000","45.3907936","0.03681654","177.278192","179.825584","170.679168","172.789504"
"249.000","9117","2","100.000000","0.000000","45.3560640","0.22837480","177.291296","179.840016","170.705104","172.811568"
"250.000","9171","2","100.000000","0.000000","45.3230240","0.44429688","177.298976","179.879792","170.725296","172.857760"
"251.000","9226","2","100.000000","0.000000","45.2892864","0.69759608","177.299824","179.988688","170.740576","172.971072"
"252.000","9282","2","100.000000","0.000000","45.2549440","0.53841776","177.297888","180.151568","170.755360","173.136560"
"253.000","9340","2","92.503080","0.000000","45.2202304","-0.42822280","177.296928","180.325856","170.774512","173.317984"
"254.000","9389","2","0.000000","100.000000","45.2175072","-0.13342288","177.361184","180.451632","170.817888","173.429824"
"255.000","9427","2","6.041924","50.184676","45.2149728","-0.16248930","177.463408","180.558464","170.866320","173.490272"
"256.000","9454","2","10.752158","0.000000","45.2115360","-1.00755784","177.545440","180.634976","170.902784","173.519824"
"257.000","9479","2","35.462396","0.000000","45.2046464","-1.39588480","177.619664","180.689072","170.935696","173.533472"
"258.000","9502","2","48.113436","0.000000","45.1873696","-1.63944752","177.693904","180.727696","170.972800","173.535728"
"259.000","9527","2","45.647344","0.000000","45.1774240","-1.88079088","177.777504","180.754112","171.016320","173.531328"
"260.000","9553","2","100.000000","0.000000","45.1485760","-0.68426336","177.873888","180.771376","171.074384","173.523008"
"261.000","9584","2","100.000000","0.000000","45.1174912","-1.07509376","177.973392","180.782880","171.153296","173.517856"
"262.000","9617","2","100.000000","0.000000","45.0852288","0.18934292","178.080320","180.790784","171.257168","173.514352"
"263.000","9654","2","100.000000","0.000000","45.0531200","0.05923853","178.171296","180.798912","171.368576","173.516480"
"264.000","9694","2","100.000000","0.000000","45.0174784","-0.12401244","178.234448","180.811104","171.454912","173.529008"
"265.000","9737","2","100.000000","0.000000","44.9851392","0.06339193","178.281296","180.821104","171.521968","173.542224"
"266.000","9783","2","100.000000","0.000000","44.9514656","-0.08110600","178.312080","180.836352","171.568128","173.562288"
"267.000","9829","2","0.000000","100.000000","44.9284096","0.14422174","178.340944","180.861568","171.603856","173.588768"
"268.000","9862","2","6.337854","50.577856","44.9262464","0.23529486","178.400672","180.924352","171.631728","173.618544"
"269.000","9885","2","3.082614","51.161688","44.9239744","1.68759360","178.454912","180.986512","171.648128","173.643472"
"270.000","9906","2","32.503074","0.000000","44.9004032","0.72334016","178.497040","181.046752","171.656320","173.671840"
"271.000","9931","2","88.853280","0.000000","44.8725504","1.35426224","178.532784","181.110416","171.661936","173.717520"
"272.000","9959","2","100.000000","0.000000","44.8443488","-0.03183351","178.559808","181.183584","171.668320","173.785600"
"273.000","9990","2","100.000000","0.000000","44.8145632","0.77704648","178.581136","181.258192","171.679376","173.876384"
"274.000","10025","2","100.000000","0.000000","44.7817216","0.31031426","178.597232","181.331600","171.693504","173.972736"
"275.000","10063","2","100.000000","0.000000","44.7467552","0.17079554","178.611072","181.404416","171.711040","174.071664"
"276.000","10104","2","100.000000","0.000000","44.7145536","0.28844452","178.622784","181.472320","171.735008","174.159248"
"277.000","10148","2","100.000000","0.000000","44.6821664","0.19155722","178.636176","181.524800","171.763168","174.219424"
"278.000","10194","2","100.000000","0.000000","44.6483168","0.20539888","178.651920","181.565568","171.795376","174.261264"
"279.000","10242","2","100.000000","0.000000","44.6133408","0.23418854","178.671856","181.603792","171.831824","174.298256"
"280.000","10293","2","100.000000","0.000000","44.5780704","0.17965472","178.695904","181.645920","171.870048","174.341568"
"281.000","10346","2","100.000000","0.000000","44.5456704","0.21010466","178.725264","181.691424","171.910032","174.390592"
"282.000","10401","2","100.000000","0.000000","44.5124128","0.18712870","178.758064","181.743552","171.952352","174.447360"
"283.000","10457","2","100.000000","0.000000","44.4783200","0.18297690","178.793728","181.800832","171.998656","174.510720"
"284.000","10515","2","100.000000","0.000000","44.4435872","0.19626298","178.831936","181.865632","172.049248","174.583568"
"285.000","10574","2","100.000000","0.000000","44.4084256","0.20235340","178.871888","181.938720","172.103760","174.666288"
"286.000","10635","2","100.000000","0.000000","44.3729792","0.18574514","178.914384","182.019968","172.162768","174.759040"
"287.000","10697","2","100.000000","0.000000","44.3384096","0.19958518","178.958512","182.110976","172.226080","174.863840"
"288.000","10759","2","100.000000","0.000000","44.3068288","0.18463720","179.005920","182.209536","172.291856","174.975728"
"289.000","10823","2","100.000000","0.000000","44.2749408","0.16166125","179.055168","182.309328","172.357424","175.090912"
"290.000","10887","2","100.000000","0.000000","44.2427744","0.13951598","179.101552","182.402384","172.413568","175.210128"
"291.000","10952","2","100.000000","0.000000","44.2103200","0.06034644","179.138672","182.469008","172.448160","175.319168"
"292.000","11018","2","100.000000","0.000000","44.1775552","0.06089988","179.168560","182.506640","172.472160","175.399440"
"293.000","11084","2","100.000000","0.000000","44.1444992","0.00415233","179.192448","182.534224","172.500800","175.455664"
"294.000","11150","2","100.000000","0.000000","44.1111904","0.00470683","179.213600","182.549760","172.535200","175.490000"
"295.000","11218","2","100.000000","0.000000","44.0776416","-0.06006812","179.231664","182.563600","172.568256","175.519920"
"296.000","11286","2","100.000000","0.000000","44.0438496","-0.00608988","179.254736","182.572224","172.609728","175.543232"
"297.000","11354","2","100.000000","0.000000","44.0098368","0.00775017","179.279152","182.578624","172.655136","175.562608"
"298.000","11422","2","75.000000","100.000000","43.9817760","0.04152230","179.304416","182.596672","172.694448","175.588384"
"299.000","11477","2","75.000000","79.351856","43.9789760","0.02989704","179.403104","182.688656","172.735136","175.624320"
"300.000","11520","2","95.881640","0.000000","43.9690816","0.28456956","179.504256","182.787264","172.765264","175.654880"
"301.000","11562","2","77.854496","0.000000","43.9537824","0.13397954","179.567072","182.877232","172.776480","175.698080"
"302.000","11602","2","5.721330","0.000000","43.9370560","-0.35237812","179.607760","182.954512","172.777792","175.748560"
"303.000","11639","2","36.596788","0.000000","43.9263072","-1.15231720","179.662912","183.000384","172.791040","175.767760"
"304.000","11676","2","100.000000","0.000000","43.8976928","-1.02582536","179.748224","183.015040","172.843824","175.763040"
"305.000","11716","2","100.000000","0.000000","43.8632512","-0.00221479","179.858528","183.013824","172.949728","175.753136"
"306.000","11759","2","100.000000","0.000000","43.8314528","0.42962508","179.939760","183.010016","173.042912","175.746912"
"307.000","11804","2","100.000000","0.000000","43.7981440","0.27294258","179.983664","183.031984","173.099824","175.767696"
"308.000","11851","2","100.000000","0.000000","43.7635616","0.16110729","180.006432","183.065360","173.135904","175.807536"
"309.000","11901","2","100.000000","0.000000","43.7281792","0.08719695","180.021760","183.086976","173.161728","175.838944"
"310.000","11953","2","100.000000","0.000000","43.6945344","0.19377202","180.032912","183.104512","173.187520","175.860528"
"311.000","12006","2","100.000000","0.000000","43.6616544","0.11930826","180.039760","183.126752","173.215248","175.875536"
"312.000","12061","2","100.000000","0.000000","43.6279904","0.23668004","180.051600","183.155472","173.250016","175.894192"
"313.000","12118","2","100.000000","0.000000","43.5936160","0.19820162","180.068032","183.200608","173.287264","175.933472"
"314.000","12177","2","100.000000","0.000000","43.5586880","0.18795938","180.091600","183.254464","173.328912","175.989072"
"315.000","12236","2","100.000000","0.000000","43.5233952","0.20124708","180.121536","183.316944","173.376000","176.059568"
"316.000","12298","2","100.000000","0.000000","43.4878432","0.20318464","180.155040","183.389488","173.427760","176.143984"
"317.000","12360","2","100.000000","0.000000","43.4550272","0.18408322","180.192448","183.470416","173.484608","176.238752"
"318.000","12423","2","100.000000","0.000000","43.4232704","0.19238844","180.233360","183.559840","173.544352","176.341392"
"319.000","12487","2","100.000000","0.000000","43.3912160","0.20290736","180.275760","183.655584","173.606176","176.450816"
"320.000","12552","2","100.000000","0.000000","43.3588896","0.21259616","180.318784","183.759104","173.670496","176.567888"
"321.000","12617","2","100.000000","0.000000","43.3263040","0.18961970","180.361696","183.871072","173.736416","176.694976"
"322.000","12683","2","100.000000","0.000000","43.2934432","0.18325364","180.406752","183.979856","173.802832","176.823664"
"323.000","12750","2","100.000000","0.000000","43.2603008","0.16830456","180.445696","184.080480","173.854944","176.957536"
"324.000","12817","2","100.000000","0.000000","43.2268576","0.04152230","180.474800","184.152880","173.884288","177.079104"
"325.000","12885","2","100.000000","0.000000","43.1931008","0.12152304","180.499072","184.188416","173.905920","177.162544"
"326.000","12954","2","100.000000","0.000000","43.1590688","0.02712882","180.514576","184.208032","173.930672","177.214320"
"327.000","13023","2","100.000000","0.000000","43.1247936","0.01633210","180.529216","184.213232","173.962720","177.241344"
"328.000","13093","2","100.000000","0.000000","43.0903360","-0.01273212","180.541568","184.216544","173.995072","177.262352"
"329.000","13163","2","100.000000","0.000000","43.0557184","0.02131512","180.554512","184.218112","174.028672","177.281568"
"330.000","13233","2","100.000000","0.000000","43.0209504","0.11515540","180.568096","184.223536","174.066224","177.300560"
"331.000","13305","2","100.000000","0.000000","42.9860640","0.08609008","180.573040","184.256256","174.104624","177.336736"
"332.000","13376","2","100.000000","0.000000","42.9511008","0.14228421","180.583136","184.306016","174.146672","177.391696"
"333.000","13448","2","100.000000","0.000000","42.9160736","0.10574385","180.598384","184.370288","174.187632","177.472944"
"334.000","13520","3","100.000000","0.000000","42.8810016","0.20152270","180.617264","184.436480","174.229040","177.561920"
"335.000","13593","3","100.000000","0.000000","42.8458752","0.17605526","180.630448","184.517472","174.262688","177.670784"
"336.000","13665","3","52.305804","63.100200","42.8116992","0.17245742","180.641920","184.587696","174.283200","177.784160"
"337.000","13730","3","26.781744","87.382352","42.8014272","0.00000107","180.706688","184.699360","174.296976","177.873040"
"338.000","13783","3","26.905054","50.959132","42.7909504","0.26906758","180.791536","184.821888","174.307392","177.929072"
"339.000","13825","3","27.669546","20.040506","42.7811616","0.55142904","180.857248","184.946080","174.307808","177.977424"
"340.000","13861","3","32.872994","22.387706","42.7699104","0.39446832","180.902352","185.054560","174.296784","178.013072"
"341.000","13888","3","5.400739","49.791484","42.7623872","1.83820544","180.934128","185.132896","174.281984","178.031040"
"342.000","13912","3","100.000000","0.000000","42.7385632","1.30359888","180.955728","185.209792","174.262352","178.044784"
"343.000","13938","3","82.194832","0.000000","42.7168896","1.78920032","180.967248","185.284880","174.241072","178.060704"
"344.000","13965","3","100.000000","0.000000","42.6911456","1.86976720","180.976464","185.345920","174.221504","178.063168"
"345.000","13993","3","85.893976","0.000000","42.6645760","1.59567760","180.982576","185.395600","174.205824","178.056320"
"346.000","14020","3","11.072750","5.564161","42.6481856","-1.03661992","180.985600","185.433920","174.194848","178.045888"
"347.000","14047","3","100.000000","0.000000","42.6271808","-0.23196674","180.990032","185.467760","174.195824","178.042512"
"348.000","14078","3","100.000000","0.000000","42.5981472","-0.18241916","181.004736","185.485664","174.218880","178.034912"
"349.000","14112","3","100.000000","0.000000","42.5658752","0.26187024","181.013600","185.493584","174.245520","178.025040"
"350.000","14150","3","100.000000","0.000000","42.5310752","0.61067092","181.011856","185.507088","174.262816","178.027792"
"351.000","14190","3","100.000000","0.000000","42.4992512","-0.02519020","181.002112","185.544576","174.270896","178.067696"
"352.000","14233","3","100.000000","0.000000","42.4670464","-0.08387421","180.993904","185.569136","174.279328","178.100064"
"353.000","14279","3","100.000000","11.426189","42.4332928","-0.02103679","180.993824","185.576064","174.295616","178.114224"
"354.000","14318","3","0.000000","100.000000","42.4277280","-0.15141633","181.023424","185.599008","174.317536","178.120944"
"355.000","14347","3","36.350188","0.000000","42.4238016","-0.72135376","181.072656","185.636048","174.336736","178.123952"
"356.000","14371","3","5.030826","39.616348","42.4159232","-1.71694320","181.117632","185.659248","174.354000","178.116192"
"357.000","14393","3","14.771888","0.000000","42.4100992","-2.37314560","181.171200","185.672816","174.376608","178.101264"
"358.000","14415","3","100.000000","0.000000","42.3871200","-1.39588448","181.235984","185.677888","174.409968","178.080512"
"359.000","14441","3","100.000000","0.000000","42.3528800","-0.49880820","181.311952","185.676160","174.467856","178.059664"
"360.000","14472","3","100.000000","0.000000","42.3210592","-0.39389932","181.381584","185.671296","174.541600","178.042752"
"361.000","14506","3","100.000000","0.000000","42.2884320","-0.07390816","181.441248","185.665792","174.617152","178.028160"
"362.000","14544","3","100.000000","0.000000","42.2535744","-0.17882026","181.489760","185.659856","174.690560","178.018096"
"363.000","14585","3","100.000000","0.000000","42.2198496","0.01993101","181.519040","185.656272","174.745792","178.012720"
"364.000","14629","3","100.000000","0.000000","42.1871232","0.05231796","181.535888","185.656064","174.783760","178.011632"
"365.000","14675","3","100.000000","0.000000","42.1529152","-0.00941153","181.544688","185.658544","174.807840","178.017136"
"366.000","14724","3","100.000000","0.000000","42.1176992","0.02795950","181.550720","185.659520","174.828800","178.022592"
"367.000","14776","3","100.000000","0.000000","42.0820768","0.09522490","181.552880","185.661104","174.845104","178.030912"
"368.000","14829","3","100.000000","0.000000","42.0492512","0.52153172","181.553456","185.670976","174.857632","178.047664"
"369.000","14884","3","100.000000","0.000000","42.0156416","0.72998520","181.542688","185.739232","174.862528","178.116416"
"370.000","14940","3","100.000000","0.000000","41.9814880","0.36124964","181.529456","185.876480","174.865920","178.254288"
"371.000","14997","3","100.000000","0.000000","41.9468512","0.15667874","181.516688","186.010048","174.870096","178.396672"
"372.000","15052","3","75.000000","100.000000","41.9310880","0.07307964","181.531632","186.108112","174.881664","178.500640"
"373.000","15094","3","5.080147","79.935664","41.9281536","-0.28566780","181.612160","186.189856","174.911488","178.543136"
"374.000","15128","3","19.605428","12.403193","41.9234368","-0.32774348","181.697008","186.246768","174.943424","178.555600"
"375.000","15155","3","0.049321","92.279272","41.9190016","-1.33637760","181.760848","186.281072","174.966208","178.552256"
"376.000","15177","3","19.876700","0.000000","41.9097184","-2.51871728","181.825376","186.303824","174.988688","178.540032"
"377.000","15198","3","94.623928","0.000000","41.8971488","-1.79831312","181.899792","186.314576","175.015696","178.519472"
"378.000","15222","3","100.000000","0.000000","41.8650144","-0.66765504","181.985168","186.316048","175.058160","178.494512"
"379.000","15252","3","100.000000","0.000000","41.8327648","-0.60205464","182.072688","186.311360","175.119360","178.471392"
"380.000","15284","3","100.000000","0.000000","41.8014272","-0.43431264","182.156816","186.303936","175.195488","178.450432"
"381.000","15321","3","100.000000","0.000000","41.7674560","-0.08387422","182.225952","186.295968","175.272448","178.432032"
"382.000","15360","3","100.000000","0.000000","41.7330944","-0.06754213","182.273280","186.290064","175.336464","178.419424"
"383.000","15403","3","100.000000","0.000000","41.7011712","0.07224896","182.303280","186.285408","175.379312","178.412512"
"384.000","15448","3","100.000000","0.000000","41.6676992","0.10768141","182.318912","186.284816","175.405008","178.412112"
"385.000","15495","3","0.000000","100.000000","41.6390560","0.07833991","182.329424","186.289920","175.422080","178.416976"
"386.000","15531","3","0.000000","80.138192","41.6380160","0.39446832","182.373856","186.333136","175.436032","178.429920"
"387.000","15556","3","33.637476","0.000000","41.6336800","1.01927928","182.419360","186.385904","175.443184","178.445360"
"388.000","15581","3","34.771884","0.000000","41.6168960","1.69866832","182.453296","186.435888","175.442448","178.462816"
"389.000","15607","3","100.000000","0.000000","41.5933152","1.17265008","182.476576","186.493584","175.435312","178.490448"
"390.000","15635","3","100.000000","0.000000","41.5657568","-0.05010316","182.491040","186.562384","175.428640","178.546816"
"391.000","15667","3","100.000000","0.000000","41.5358880","0.86950968","182.501504","186.626608","175.425824","178.617856"
"392.000","15701","3","100.000000","0.000000","41.5029920","0.22726694","182.506848","186.692416","175.426752","178.700384"
"393.000","15739","3","100.000000","0.000000","41.4680416","0.22366908","182.510720","186.750848","175.432544","178.780912"
"394.000","15780","3","100.000000","0.000000","41.4350080","0.31557388","182.513328","186.802112","175.445600","178.847168"
"395.000","15824","3","100.000000","0.000000","41.4025888","0.15916975","182.516128","186.841568","175.462272","178.891184"
"396.000","15870","3","100.000000","0.000000","41.3687008","0.20179998","182.521008","186.867888","175.483232","178.916880"
"397.000","15919","3","100.000000","0.000000","41.3337120","0.23778636","182.531360","186.889360","175.510416","178.935968"
"398.000","15969","3","100.000000","0.000000","41.2981504","0.19515668","182.545344","186.915248","175.538816","178.962416"
"399.000","16022","3","100.000000","0.000000","41.2656864","0.20179998","182.563168","186.945248","175.567536","178.995968"
"400.000","16076","3","100.000000","0.000000","41.2324832","0.18657474","182.584448","186.980128","175.598512","179.035472"
"401.000","16132","3","100.000000","0.000000","41.1984704","0.19903122","182.608000","187.019760","175.632448","179.081248"
"402.000","16190","3","100.000000","0.000000","41.1638176","0.19377202","182.633232","187.066608","175.669632","179.136080"
"403.000","16249","3","100.000000","0.000000","41.1287264","0.19321912","182.660096","187.119856","175.710752","179.199104"
"404.000","16309","3","100.000000","0.000000","41.0933472","0.19598736","182.689136","187.180128","175.755952","179.270512"
"405.000","16371","3","100.000000","0.000000","41.0581984","0.18491390","182.719216","187.250352","175.804192","179.353936"
"406.000","16433","3","100.000000","0.000000","41.0267776","0.18408322","182.752144","187.326144","175.855136","179.442880"
"407.000","16496","3","100.000000","0.000000","40.9950816","0.19543340","182.785600","187.405136","175.904224","179.536224"
"408.000","16560","3","100.000000","0.000000","40.9630976","0.15944700","182.816912","187.478672","175.944880","179.633792"
"409.000","16624","3","100.000000","0.000000","40.9308192","0.04816669","182.841408","187.522768","175.966800","179.716208"
"410.000","16689","3","100.000000","0.000000","40.8982528","0.06034645","182.858000","187.535728","175.976848","179.768720"
"411.000","16755","3","100.000000","0.000000","40.8654368","0.00415233","182.866080","187.544416","175.987264","179.805104"
"412.000","16821","3","100.000000","0.000000","40.8323904","0.00221479","182.870976","187.541856","176.002976","179.820752"
"413.000","16888","3","100.000000","0.000000","40.7991232","0.00387615","182.876000","187.532672","176.023312","179.825632"
"414.000","16955","3","100.000000","0.000000","40.7656448","0.00581370","182.881440","187.521728","176.045344","179.827376"
"415.000","17023","3","100.000000","0.000000","40.7319648","0.00387615","182.885936","187.510448","176.067408","179.828512"
"416.000","17091","3","100.000000","15.739306","40.6980960","0.04982698","182.889504","187.500256","176.088288","179.831200"
"417.000","17151","3","1.504315","70.153688","40.6927200","0.06588291","182.934784","187.535072","176.105760","179.838464"
"418.000","17199","3","16.399509","66.424384","40.6901088","0.22837486","183.010912","187.602416","176.114464","179.848544"
"419.000","17242","3","3.822440","0.000000","40.6762784","0.61454612","183.065072","187.667792","176.110416","179.866544"
"420.000","17282","3","0.000000","58.405832","40.6643552","-0.35874532","183.091504","187.724448","176.094752","179.895040"
"421.000","17317","3","81.997528","0.000000","40.6523360","-1.02361080","183.134688","187.753424","176.093104","179.895728"
"422.000","17353","3","100.000000","0.000000","40.6204576","-0.97655720","183.196416","187.749632","176.128064","179.873328"
"423.000","17392","3","100.000000","0.000000","40.5868672","0.12179977","183.273888","187.729168","176.206128","179.843472"
"424.000","17434","3","100.000000","0.000000","40.5555616","0.26353108","183.321968","187.708000","176.270912","179.818016"
"425.000","17478","3","100.000000","0.000000","40.5227520","0.09993069","183.340096","187.702448","176.303968","179.812976"
"426.000","17525","3","100.000000","0.000000","40.4885088","0.14837356","183.343104","187.699200","176.320512","179.813856"
"427.000","17574","3","100.000000","0.000000","40.4532928","0.12955047","183.339536","187.694448","176.328864","179.815296"
"428.000","17625","3","100.000000","0.000000","40.4190912","0.15529466","183.332384","187.693248","176.336320","179.817296"
"429.000","17678","3","100.000000","0.000000","40.3865344","0.15529466","183.322928","187.696640","176.347264","179.813568"
"430.000","17732","3","100.000000","0.000000","40.3532224","0.24083184","183.317856","187.705664","176.364768","179.812736"
"431.000","17788","3","100.000000","0.000000","40.3191840","0.19792490","183.318608","187.728976","176.386000","179.828944"
"432.000","17846","3","100.000000","0.000000","40.2845184","0.18602078","183.326320","187.761232","176.411728","179.861664"
"433.000","17905","3","100.000000","0.000000","40.2494208","0.18657474","183.341264","187.800624","176.442944","179.908160"
"434.000","17965","3","100.000000","0.000000","40.2140288","0.19238844","183.359824","187.848848","176.478576","179.967248"
"435.000","18027","3","100.000000","0.000000","40.1784128","0.19155722","183.381104","187.906272","176.518240","180.037856"
"436.000","18089","3","100.000000","0.000000","40.1445856","0.18546788","183.405616","187.971728","176.562416","180.118480"
"437.000","18153","3","100.000000","0.000000","40.1127552","0.18906624","183.432880","188.044608","176.609008","180.205200"
"438.000","18217","3","100.000000","0.000000","40.0806816","0.18297690","183.461408","188.124064","176.656784","180.298416"
"439.000","18281","3","100.000000","0.000000","40.0483808","0.19654026","183.491040","188.208384","176.706608","180.397088"
"440.000","18347","3","100.000000","0.000000","40.0158592","0.18795938","183.520416","188.295952","176.755424","180.501808"
"441.000","18412","3","100.000000","0.000000","39.9830880","0.13591708","183.546976","188.375984","176.794752","180.610256"
"442.000","18479","3","100.000000","0.000000","39.9500512","0.10325288","183.565008","188.425984","176.813072","180.703264"
"443.000","18545","3","100.000000","0.000000","39.9167520","0.03875409","183.573232","188.446800","176.815408","180.771344"
"444.000","18613","3","100.000000","0.000000","39.8831968","0.00193861","183.575200","188.450544","176.821008","180.809328"
"445.000","18681","3","100.000000","0.000000","39.8494304","-0.00082961","183.576208","188.438096","176.835184","180.817920"
"446.000","18749","3","100.000000","0.000000","39.8154528","0.00110793","183.575920","188.421152","176.851408","180.817232"
"447.000","18818","3","100.000000","0.000000","39.7812800","0.00802742","183.575440","188.402640","176.868672","180.813392"
"448.000","18887","3","100.000000","0.000000","39.7469440","0.07750816","183.574288","188.387392","176.886320","180.810672"
"449.000","18957","3","100.000000","0.000000","39.7124896","0.18352926","183.567264","188.388528","176.905376","180.816512"
"450.000","19027","3","100.000000","0.000000","39.6779552","0.15307933","183.558160","188.411936","176.926752","180.841264"
"451.000","19097","3","100.000000","0.000000","39.6433344","0.12733622","183.554384","188.452288","176.948112","180.892160"
"452.000","19168","4","100.000000","0.000000","39.6086400","0.14422175","183.555936","188.494480","176.969904","180.953232"
"453.000","19239","4","100.000000","0.000000","39.5738688","0.12761240","183.558160","188.536944","176.990720","181.018784"
"454.000","19310","4","100.000000","0.000000","39.5390240","0.14228421","183.558320","188.571616","177.002112","181.086320"
"455.000","19379","4","27.299628","70.928144","39.5126272","0.16276917","183.568640","188.610976","176.998656","181.151680"
"456.000","19435","4","27.348952","88.359336","39.5016160","0.17827112","183.632688","188.711296","176.995376","181.197104"
"457.000","19479","4","27.595558","67.603944","39.4906944","0.19875454","183.700096","188.814064","176.990784","181.218832"
"458.000","19515","4","18.421702","73.871080","39.4804384","0.54284680","183.745216","188.890768","176.976704","181.227072"
"459.000","19545","4","18.545006","48.028112","39.4719840","1.38997584","183.772624","188.941280","176.954016","181.223328"
"460.000","19573","4","17.854504","29.036102","39.4587072","1.80747360","183.781456","188.988896","176.923440","181.224256"
"461.000","19600","4","100.000000","0.000000","39.4330912","1.41267744","183.779040","189.047696","176.889600","181.238480"
"462.000","19631","4","100.000000","0.000000","39.4031360","0.61039372","183.764912","189.118048","176.857072","181.274656"
"463.000","19665","4","100.000000","0.000000","39.3709600","0.27321928","183.745568","189.180688","176.827408","181.319440"
"464.000","19702","4","100.000000","0.000000","39.3363456","-0.13453083","183.724848","189.221600","176.801696","181.355888"
"465.000","19743","4","100.000000","0.000000","39.3029376","-0.28760642","183.709792","189.237984","176.789728","181.371536"
"466.000","19786","4","100.000000","0.000000","39.2706464","0.39917468","183.706720","189.235952","176.798416","181.369232"
"467.000","19831","4","100.000000","0.000000","39.2368320","0.47889972","183.692192","189.256880","176.796352","181.387728"
"468.000","19879","4","100.000000","0.000000","39.2020160","-0.16193473","183.670608","189.303632","176.787056","181.445952"
"469.000","19929","4","100.000000","0.000000","39.1665504","-0.12179764","183.660832","189.319408","176.791856","181.475456"
"470.000","19979","4","4.340319","100.000000","39.1438592","-0.21480504","183.669472","189.320640","176.810128","181.480128"
"471.000","20016","4","4.389641","100.000000","39.1407040","-0.66239584","183.729232","189.351584","176.833248","181.477664"
"472.000","20040","4","9.864363","58.405832","39.1375072","-2.24168736","183.802768","189.377536","176.859040","181.467136"
"473.000","20061","4","46.214552","0.000000","39.1266336","-2.93604704","183.882000","189.393232","176.885856","181.447392"
"474.000","20082","4","71.294712","0.000000","39.1115840","-2.82784224","183.970320","189.399600","176.916176","181.419456"
"475.000","20105","4","100.000000","0.000000","39.0842368","-0.88687680","184.071792","189.397824","176.956016","181.386144"
"476.000","20133","4","100.000000","0.000000","39.0490336","-0.70004096","184.175200","189.389296","177.014640","181.352896"
"477.000","20165","4","100.000000","0.000000","39.0180256","-0.34905656","184.261920","189.377536","177.075856","181.322320"
"478.000","20200","4","100.000000","0.000000","38.9844960","-0.18324880","184.329872","189.363392","177.134032","181.294160"
"479.000","20240","4","100.000000","0.000000","38.9490880","-0.00968879","184.375696","189.347952","177.181536","181.270208"
"480.000","20282","4","100.000000","0.000000","38.9167808","0.05813166","184.402416","189.334672","177.214240","181.251328"
"481.000","20327","4","100.000000","0.000000","38.8835136","0.02906529","184.415600","189.323824","177.232224","181.239168"
"482.000","20374","4","100.000000","0.000000","38.8488832","0.03266526","184.422128","189.312096","177.245376","181.228320"
"483.000","20424","4","100.000000","0.000000","38.8134720","0.06200674","184.423008","189.299696","177.254576","181.219520"
"484.000","20476","4","100.000000","0.000000","38.7796736","0.38477896","184.420672","189.281104","177.262224","181.203392"
"485.000","20529","4","100.000000","0.000000","38.7467296","0.37481348","184.410544","189.290544","177.262752","181.211696"
"486.000","20584","4","100.000000","0.000000","38.7131040","0.81303512","184.398352","189.345024","177.257568","181.273568"
"487.000","20640","4","100.000000","0.000000","38.6789120","0.67627928","184.379280","189.456944","177.251104","181.393200"
"488.000","20697","4","14.327988","68.187760","38.6469696","-0.25715700","184.358000","189.585840","177.247872","181.528256"
"489.000","20744","4","6.288532","54.295248","38.6444480","-0.21259136","184.404688","189.675632","177.265856","181.596944"
"490.000","20784","4","14.204685","24.544268","38.6390080","-0.20124116","184.474848","189.733600","177.292960","181.619360"
"491.000","20818","4","0.000000","100.000000","38.6319360","-0.62724268","184.526192","189.763920","177.310816","181.615776"
"492.000","20842","4","37.040696","0.000000","38.6293056","-2.13818000","184.581312","189.783568","177.329872","181.602384"
"493.000","20865","4","72.675720","0.000000","38.6183712","-2.51456672","184.646192","189.791104","177.353600","181.578112"
"494.000","20889","4","97.829840","0.000000","38.5885696","-1.11329008","184.726672","189.786704","177.391296","181.545888"
"495.000","20917","4","100.000000","0.000000","38.5545504","-0.82238328","184.822096","189.772832","177.459696","181.513328"
"496.000","20948","4","100.000000","0.000000","38.5240640","-0.45368924","184.925232","189.753424","177.553632","181.484512"
"497.000","20983","4","100.000000","0.000000","38.4910368","-0.18020440","185.019472","189.732848","177.659520","181.457760"
"498.000","21021","4","100.000000","0.000000","38.4559392","-0.02629707","185.089440","189.714208","177.754608","181.434512"
"499.000","21063","4","100.000000","0.000000","38.4227680","-0.00248990","185.132144","189.697888","177.821312","181.417792"
"500.000","21107","4","100.000000","0.000000","38.3899040","0.13619377","185.155136","189.684688","177.861456","181.406096"
"501.000","21154","4","100.000000","6.147979","38.3555648","0.10602109","185.164448","189.670576","177.884624","181.393952"
"502.000","21196","4","1.257706","58.203256","38.3496512","0.03986202","185.188944","189.678352","177.898048","181.386656"
"503.000","21227","4","19.999998","6.731799","38.3458208","0.68209288","185.227360","189.704704","177.903600","181.384032"
"504.000","21252","4","23.329226","0.000000","38.3405472","1.83266768","185.256256","189.737344","177.900128","181.388144"
"505.000","21277","4","100.000000","0.000000","38.3153472","0.31059092","185.272240","189.776176","177.887936","181.402384"
"506.000","21306","4","100.000000","0.000000","38.2835456","0.88639616","185.279632","189.817440","177.875728","181.440208"
"507.000","21338","4","100.000000","0.000000","38.2524256","0.35377564","185.280160","189.865424","177.866112","181.495136"
"508.000","21373","4","100.000000","0.000000","38.2189376","0.44900264","185.275568","189.920848","177.860672","181.570128"
"509.000","21412","4","100.000000","0.000000","38.1841088","0.35737344","185.270384","189.972800","177.860080","181.645696"
"510.000","21454","4","100.000000","0.000000","38.1530464","0.26297712","185.265104","190.019008","177.865328","181.707920"
"511.000","21498","4","100.000000","0.000000","38.1204832","0.19654026","185.260976","190.048064","177.874688","181.743728"
"512.000","21544","4","100.000000","0.000000","38.0864704","0.19930846","185.258736","190.063072","177.888800","181.759408"
"513.000","21593","4","100.000000","0.000000","38.0514016","0.22034686","185.260352","190.072192","177.907280","181.767200"
"514.000","21644","4","100.000000","0.000000","38.0157824","0.20761314","185.266304","190.084080","177.928672","181.780256"
"515.000","21697","4","100.000000","0.000000","37.9832512","0.18491392","185.276592","190.100064","177.950384","181.800480"
"516.000","21751","4","100.000000","0.000000","37.9499040","0.18519116","185.290752","190.120128","177.974800","181.826544"
"517.000","21807","4","100.000000","0.000000","37.9157824","0.20484492","185.306352","190.146480","178.001296","181.860080"
"518.000","21865","4","100.000000","0.000000","37.8810528","0.19460270","185.322272","190.181504","178.029808","181.904480"
"519.000","21924","4","100.000000","0.000000","37.8459040","0.18131500","185.340016","190.222448","178.061808","181.956512"
"520.000","21985","4","100.000000","0.000000","37.8104704","0.19377202","185.360192","190.269312","178.098256","182.015968"
"521.000","22047","4","100.000000","0.000000","37.7752768","0.19432544","185.381792","190.325072","178.138144","182.085760"
"522.000","22109","4","100.000000","0.000000","37.7437472","0.22283838","185.405312","190.388800","178.180336","182.163696"
"523.000","22173","4","100.000000","0.000000","37.7119360","0.19764764","185.428848","190.457072","178.220480","182.246736"
"524.000","22237","4","100.000000","0.000000","37.6798432","0.17051990","185.451664","190.519072","178.253728","182.332624"
"525.000","22301","4","100.000000","0.000000","37.6474560","0.00138411","185.467488","190.554416","178.268576","182.406320"
"526.000","22367","4","100.000000","0.000000","37.6147776","0.05868509","185.476288","190.554256","178.270688","182.446736"
"527.000","22433","4","100.000000","0.000000","37.5818496","0.06366811","185.476160","190.549136","178.272800","182.470112"
"528.000","22499","4","100.000000","0.000000","37.5486944","0.00110793","185.469008","190.537200","178.275136","182.477920"
"529.000","22566","4","100.000000","0.000000","37.5153280","-0.00415233","185.465008","190.515728","178.285696","182.471792"
"530.000","22633","4","100.000000","0.000000","37.4817472","0.03128009","185.463168","190.490576","178.301376","182.459648"
"531.000","22701","4","100.000000","0.000000","37.4479552","0.00553645","185.457728","190.466976","178.313440","182.449536"
"532.000","22769","4","100.000000","3.216967","37.4139776","0.01162633","185.452672","190.442704","178.326624","182.437904"
"533.000","22830","4","0.000000","70.546872","37.4061664","-0.00027618","185.490688","190.464624","178.339472","182.434976"
"534.000","22876","4","11.763255","57.810068","37.4042368","0.39253028","185.568096","190.532512","178.349344","182.441312"
"535.000","22918","4","100.000000","0.000000","37.3790880","0.47253320","185.616048","190.609392","178.341888","182.464288"
"536.000","22960","4","0.000000","74.848080","37.3601984","-0.40773940","185.635424","190.667184","178.326288","182.499488"
"537.000","22997","4","31.072754","0.000000","37.3459008","-1.04575440","185.680000","190.694176","178.331392","182.500816"
"538.000","23035","4","100.000000","0.000000","37.3146208","-0.65298520","185.740656","190.687552","178.367856","182.476448"
"539.000","23075","4","100.000000","0.000000","37.2814016","-0.08138324","185.816720","190.662768","178.448224","182.442480"
"540.000","23118","4","100.000000","0.000000","37.2492064","0.34713136","185.863504","190.635072","178.513792","182.409664"
"541.000","23164","4","100.000000","0.000000","37.2155456","0.15335655","185.876416","190.629520","178.543920","182.402192"
"542.000","23212","4","100.000000","0.000000","37.1806976","0.21425646","185.872096","190.628032","178.555728","182.405008"
"543.000","23262","4","100.000000","0.000000","37.1461120","0.08553666","185.860880","190.622016","178.557184","182.407168"
"544.000","23314","4","100.000000","0.000000","37.1139424","0.13868530","185.846880","190.613792","178.558448","182.400160"
"545.000","23368","4","100.000000","0.000000","37.0809824","0.16775165","185.830624","190.607600","178.563792","182.385792"
"546.000","23423","4","100.000000","0.000000","37.0472608","0.20982740","185.819536","190.608912","178.575520","182.377440"
"547.000","23480","4","100.000000","0.000000","37.0128544","0.19847886","185.814352","190.624032","178.591264","182.387360"
"548.000","23538","4","100.000000","0.000000","36.9779328","0.19266516","185.815728","190.648704","178.610944","182.414528"
"549.000","23598","4","100.000000","0.000000","36.9426656","0.19792490","185.822576","190.682544","178.634832","182.456944"
"550.000","23659","4","100.000000","0.000000","36.9071360","0.19017364","185.833008","190.724160","178.663072","182.510816"
"551.000","23721","4","100.000000","0.000000","36.8736608","0.18795938","185.846688","190.773632","178.695904","182.574064"
"552.000","23784","4","100.000000","0.000000","36.8420096","0.19598734","185.863664","190.830864","178.731360","182.644576"
"553.000","23848","4","100.000000","0.000000","36.8100928","0.19515668","185.881728","190.894816","178.767968","182.721600"
"554.000","23912","4","100.000000","0.000000","36.7779136","0.20179998","185.900720","190.962784","178.806704","182.803664"
"555.000","23977","4","100.000000","0.000000","36.7455040","0.19460270","185.920288","191.036640","178.847328","182.891840"
"556.000","24042","4","100.000000","0.000000","36.7128576","0.19321912","185.939632","191.109856","178.885856","182.983888"
"557.000","24108","4","100.000000","0.000000","36.6799584","0.17522566","185.953200","191.174544","178.910096","183.079008"
"558.000","24175","4","100.000000","0.000000","36.6467808","0.05591793","185.958096","191.214512","178.913632","183.164768"
"559.000","24242","4","100.000000","0.000000","36.6132960","0.05093491","185.958960","191.220672","178.909664","183.216288"
"560.000","24310","4","100.000000","0.000000","36.5795552","-0.02795736","185.951504","191.208656","178.908720","183.234224"
"561.000","24378","4","100.000000","0.000000","36.5455904","-0.00498301","185.943456","191.182752","178.915136","183.228080"
"562.000","24447","4","100.000000","0.000000","36.5114144","0.03598585","185.935232","191.153008","178.925040","183.213440"
"563.000","24516","4","100.000000","0.000000","36.4770496","-0.01411730","185.925408","191.124032","178.933888","183.198288"
"564.000","24586","4","100.000000","0.000000","36.4425568","0.10768138","185.915936","191.098512","178.945184","183.184720"
"565.000","24656","4","100.000000","0.000000","36.4079584","0.11626331","185.898672","191.099072","178.957824","183.187280"
"566.000","24727","4","100.000000","0.000000","36.3732800","0.11377180","185.880624","191.117952","178.970080","183.210096"
"567.000","24797","4","100.000000","0.000000","36.3385088","0.12982772","185.871408","191.140448","178.983472","183.246912"
"568.000","24869","5","100.000000","0.000000","36.3036640","0.14062285","185.866384","191.166352","178.997936","183.291952"
"569.000","24940","5","100.000000","0.000000","36.2687616","0.13287160","185.857104","191.200160","179.006128","183.350128"
"570.000","25011","5","100.000000","0.000000","36.2337760","0.16996592","185.841664","191.224736","178.999360","183.412064"
"571.000","25082","5","7.348952","100.000000","36.2100032","0.19709418","185.836608","191.265568","178.986192","183.484224"
"572.000","25138","5","22.916668","100.000000","36.2050048","0.44263612","185.887568","191.387984","178.977232","183.545472"
"573.000","25182","5","7.422935","100.000000","36.2008768","0.74299600","185.942592","191.518944","178.959920","183.589360"
"574.000","25214","5","6.905056","100.000000","36.1965664","1.16600584","185.981984","191.629760","178.936208","183.618160"
"575.000","25242","5","0.000000","39.413792","36.1800960","1.75957712","186.005952","191.725504","178.903920","183.638944"
"576.000","25268","5","76.596792","0.000000","36.1690176","1.93427664","186.012192","191.811392","178.866192","183.655792"
"577.000","25297","5","73.242920","0.000000","36.1397824","1.52978560","186.005328","191.899440","178.823664","183.680256"
"578.000","25328","5","100.000000","0.000000","36.1142656","0.35598992","185.989344","191.992576","178.781792","183.717760"
"579.000","25362","5","100.000000","0.000000","36.0819904","0.05564069","185.967344","192.070816","178.743168","183.757008"
"580.000","25399","5","100.000000","0.000000","36.0472448","-0.06311360","185.944672","192.115008","178.710608","183.775568"
"581.000","25440","5","100.000000","0.000000","36.0120128","-0.14505027","185.931568","192.130272","178.693040","183.775568"
"582.000","25484","5","100.000000","0.000000","35.9793056","0.69233576","185.926784","192.129408","178.695008","183.761440"
"583.000","25529","5","100.000000","0.000000","35.9504896","0.40997092","185.906352","192.160448","178.677984","183.797888"
"584.000","25575","5","100.000000","0.000000","35.9162592","-0.20677768","185.882352","192.196672","178.658784","183.863152"
"585.000","25624","5","100.000000","10.651735","35.8810880","-0.12428860","185.862768","192.204784","178.649536","183.901264"
"586.000","25667","5","17.410604","18.479686","35.8743200","-0.02851079","185.879968","192.217168","178.653136","183.912656"
"587.000","25701","5","0.000000","100.000000","35.8683936","1.74241120","185.933920","192.226608","178.686064","183.910288"
"588.000","25720","5","99.999984","0.000000","35.8591424","5.25078816","186.002048","192.227072","178.739472","183.910688"
"589.000","25723","5","89.420464","0.000000","35.8549472","5.19456864","186.021552","192.226736","178.779456","183.914880"
"590.000","25724","5","100.000000","0.000000","35.8421632","5.05941824","186.045344","192.226256","178.860912","183.929296"
"591.000","25727","5","100.000000","0.000000","35.8280288","4.96968800","186.096016","192.225296","178.915792","183.940880"
"592.000","25728","5","100.000000","0.000000","35.8138848","1.61477984","186.132896","192.224768","178.997392","183.959728"
"593.000","25733","5","100.000000","0.000000","35.7987168","3.00302496","186.229072","192.222832","179.163792","183.999104"
"594.000","25743","5","100.000000","0.000000","35.7758208","0.14588256","186.381792","192.219248","179.422048","184.062576"
"595.000","25760","5","100.000000","0.000000","35.7451968","-0.61589492","186.579856","192.213632","179.748144","184.147792"
"596.000","25776","5","100.000000","0.000000","35.7276832","4.82290944","186.740128","192.208992","179.999936","184.215664"
"597.000","25784","5","100.000000","0.000000","35.7211712","3.60638880","186.813392","192.206288","180.132480","184.251184"
"598.000","25786","5","100.000000","0.000000","35.7141984","3.63712416","186.849824","192.204976","180.247824","184.281120"
"599.000","25791","5","100.000000","0.000000","35.7063392","4.42606496","186.909792","192.199728","180.376160","184.313856"
"600.000","25801","5","57.336628","0.000000","35.6941984","5.28041984","186.988480","192.191072","180.564384","184.360512"
"601.000","25811","5","0.000000","0.000000","35.6891936","5.08683392","187.055008","192.184512","180.726944","184.402096"
"602.000","25818","5","55.832300","0.000000","35.6876576","4.37898528","187.102656","192.183072","180.829936","184.432320"
"603.000","25827","5","84.562264","0.000000","35.6777664","-0.00858085","187.153888","192.183232","180.950016","184.464240"
"604.000","25840","5","63.181264","0.000000","35.6662016","-0.32885036","187.207200","192.182416","181.081200","184.497632"
"605.000","25855","5","66.584464","0.000000","35.6526368","-0.66793220","187.253136","192.179984","181.202048","184.526176"
"606.000","25873","5","67.102340","0.000000","35.6358528","-0.35763840","187.288704","192.175008","181.305280","184.547632"
"607.000","25894","5","86.214536","0.000000","35.6155296","-0.31501024","187.313504","192.167392","181.386224","184.560576"
"608.000","25920","5","100.000000","0.000000","35.5827520","-0.01660828","187.330560","192.156976","181.453952","184.567072"
"609.000","25949","5","100.000000","0.000000","35.5539776","-0.07197063","187.338352","192.146016","181.505072","184.571168"
"610.000","25983","5","100.000000","0.000000","35.5218656","-0.04069055","187.339232","192.133888","181.539360","184.571264"
"611.000","26021","5","100.000000","0.000000","35.4885664","-0.01051840","187.334112","192.120064","181.560544","184.567104"
"612.000","26061","5","100.000000","0.000000","35.4581248","0.08525941","187.325792","192.105280","181.570192","184.559424"
"613.000","26104","5","100.000000","0.000000","35.4259840","0.03432557","187.313952","192.090016","181.570128","184.549824"
"614.000","26149","5","100.000000","0.000000","35.3922720","0.08470596","187.299936","192.072240","181.564816","184.537408"
"615.000","26198","5","100.000000","0.000000","35.3596512","0.30034864","187.282944","192.057952","181.554560","184.529264"
"616.000","26247","5","100.000000","0.000000","35.3285664","0.58077228","187.258016","192.069920","181.535600","184.543472"
"617.000","26299","5","100.000000","0.000000","35.2967552","0.30090154","187.229568","192.124384","181.510976","184.601760"
"618.000","26351","5","100.000000","0.000000","35.2643168","0.20263066","187.198816","192.182384","181.484944","184.671984"
"619.000","26405","5","0.000000","52.722496","35.2379296","-0.11238502","187.173504","192.213632","181.460656","184.718832"
"620.000","26450","5","0.000000","78.768032","35.2362240","-0.06726488","187.190512","192.241408","181.447568","184.729392"
"621.000","26484","5","2.071516","39.413804","35.2324256","-0.13840590","187.229200","192.266896","181.444768","184.720224"
"622.000","26511","5","38.101108","0.000000","35.2275776","-0.49493216","187.250288","192.276320","181.434480","184.697008"
"623.000","26534","5","0.000000","100.000000","35.2224704","-0.25466496","187.257888","192.272896","181.416880","184.667216"
"624.000","26543","5","0.000000","100.000000","35.2219072","-0.15307665","187.262064","192.271008","181.405616","184.648880"
"625.000","26543","5","0.000000","100.000000","35.2213248","-0.12511821","187.262096","192.270576","181.404688","184.647632"